country,game_title,publisher,storefront_url,url_source,validation_status
SG,Battle Through the Heavens M: Rise of the Young,Joy Star Games,https://play.google.com/store/apps/details?id=com.joystar.btthgp,ranking_export,official_storefront_confirmed
SG,Gangstar Mirage City,Level Infinite,https://apps.apple.com/ph/app/gangstar-mirage-city-online/id6472700792,verified_override,official_storefront_confirmed
SG,Yulgang W,Efun,https://apps.apple.com/id/app/yulgang-w/id6756002784,ranking_export,official_storefront_confirmed
SG,Don't cultivate immortality at midnight,Evolens Games,https://apps.apple.com/SG/app/id6752377341?l=en,ranking_export,official_storefront_confirmed
SG,RAN - Royal Academy Nations,Murphy John Ong,https://play.google.com/store/apps/details?id=com.ran.projectr,ranking_export,official_storefront_confirmed
SG,OneState RP: Role Play Online,ChillBase,https://apps.apple.com/ID/app/id1597760047?l=id,ranking_export,official_storefront_confirmed
SG,Pop Epoch: Civilization Tycoon,Nexwave Tech,https://apps.apple.com/us/app/pop-epoch-civilization-tycoon/id6754275296,ranking_export,official_storefront_confirmed
SG,Three Kingdoms: A View of the Sea,TBG,https://apps.apple.com/hk/app/%E4%B8%89%E5%9C%8B%E8%A7%80%E6%BB%84%E6%B5%B7/id6760700928,verified_override,official_storefront_confirmed
SG,Fierce Battle Girls: 3650 Consecutive Gacha Pulls,NEORIGIN,https://apps.apple.com/jp/app/%E7%86%B1%E6%88%A6%E5%B0%91%E5%A5%B3/id6476643375,verified_override,official_storefront_confirmed
SG,Arad: Idle RPG,Nexon,https://play.google.com/store/apps/details?id=com.nexon.dfidle,verified_override,official_storefront_confirmed
SG,"Happy Mahjong - Taiwan 16-tile Mahjong, Lami Mahjong, Wild Card Red Dragon, Slot Machine",Pangu Interactive,https://apps.apple.com/sg/app/%E6%AD%A1%E5%9B%8D%E9%BA%BB%E5%B0%87-%E5%8F%B0%E7%81%A316%E5%BC%B5-%E6%8B%89%E7%B1%B3%E9%BA%BB%E5%B0%87-%E7%99%BE%E6%90%AD%E7%B4%85%E4%B8%AD-%E8%80%81%E8%99%8E%E6%A9%9F/id6449351297,verified_override,official_storefront_confirmed
SG,Chinese Poker Zingplay,ZingPlay,https://play.google.com/store/apps/details?id=zps.game.pusoy.th,verified_override,official_storefront_confirmed
SG,Three Kingdoms: Throne War SEA,Wayelite Entertainment Tech,https://apps.apple.com/ph/app/three-kingdoms-throne-war-sea/id6758926859,ranking_export,official_storefront_confirmed
MY,Battle Through the Heavens M: Rise of the Young,Joy Star Games,https://play.google.com/store/apps/details?id=com.joystar.btthgp,ranking_export,official_storefront_confirmed
MY,Gangstar Mirage City,Level Infinite,https://apps.apple.com/ph/app/gangstar-mirage-city-online/id6472700792,verified_override,official_storefront_confirmed
MY,Yulgang W,Efun,https://apps.apple.com/id/app/yulgang-w/id6756002784,ranking_export,official_storefront_confirmed
MY,Don't cultivate immortality at midnight,Evolens Games,https://apps.apple.com/SG/app/id6752377341?l=en,ranking_export,official_storefront_confirmed
MY,RAN - Royal Academy Nations,Murphy John Ong,https://play.google.com/store/apps/details?id=com.ran.projectr,ranking_export,official_storefront_confirmed
MY,Wobbly Life,Curve Digital Games,https://apps.apple.com/SG/app/id6764310415?l=en,ranking_export,official_storefront_confirmed
MY,Last Shelter: War Z,LAST ORIGIN STUDIO,https://play.google.com/store/apps/details?hl=en&id=com.more.lastshelter.gp&gl=US,ranking_export,official_storefront_confirmed
MY,Pop Epoch: Civilization Tycoon,Nexwave Tech,https://apps.apple.com/us/app/pop-epoch-civilization-tycoon/id6754275296,ranking_export,official_storefront_confirmed
MY,Supermarket Tycoon Empire,Celestial Roads,https://apps.apple.com/SG/app/id6752849675?l=en,ranking_export,official_storefront_confirmed
MY,Song of the Forest: World,GALAXY GAMES,https://apps.apple.com/MY/app/id6768177061?l=ms,ranking_export,official_storefront_confirmed
MY,Three Kingdoms: A View of the Sea,TBG,https://apps.apple.com/hk/app/%E4%B8%89%E5%9C%8B%E8%A7%80%E6%BB%84%E6%B5%B7/id6760700928,verified_override,official_storefront_confirmed
MY,Wild Water World,IYAGAMES,https://apps.apple.com/SG/app/id6780387121?l=en,ranking_export,official_storefront_confirmed
MY,Last Echo,9z Games,https://apps.apple.com/us/app/last-echo/id6756775576,verified_override,official_storefront_confirmed
MY,"Happy Mahjong - Taiwan 16-tile Mahjong, Lami Mahjong, Wild Card Red Dragon, Slot Machine",Pangu Interactive,https://apps.apple.com/sg/app/%E6%AD%A1%E5%9B%8D%E9%BA%BB%E5%B0%87-%E5%8F%B0%E7%81%A316%E5%BC%B5-%E6%8B%89%E7%B1%B3%E9%BA%BB%E5%B0%87-%E7%99%BE%E6%90%AD%E7%B4%85%E4%B8%AD-%E8%80%81%E8%99%8E%E6%A9%9F/id6449351297,verified_override,official_storefront_confirmed
PH,Gangstar Mirage City,Level Infinite,https://apps.apple.com/ph/app/gangstar-mirage-city-online/id6472700792,verified_override,official_storefront_confirmed
PH,Yulgang W,Efun,https://apps.apple.com/id/app/yulgang-w/id6756002784,ranking_export,official_storefront_confirmed
PH,RAN - Royal Academy Nations,Murphy John Ong,https://play.google.com/store/apps/details?id=com.ran.projectr,ranking_export,official_storefront_confirmed
PH,Black Swordsman:Dual Blades,FunGameHub,https://play.google.com/store/apps/details?hl=en&id=com.fungamehub.mega.ramp.impossibe.car.track&gl=US,ranking_export,official_storefront_confirmed
PH,FANTASY LIFE i: The Girl Who Steals Time,Level-5,https://play.google.com/store/apps/details?id=jp.co.level5.fli,verified_override,official_storefront_confirmed
PH,Last Shelter: War Z,LAST ORIGIN STUDIO,https://play.google.com/store/apps/details?hl=en&id=com.more.lastshelter.gp&gl=US,ranking_export,official_storefront_confirmed
PH,Pop Epoch: Civilization Tycoon,Nexwave Tech,https://apps.apple.com/us/app/pop-epoch-civilization-tycoon/id6754275296,ranking_export,official_storefront_confirmed
PH,Last Isle: Survival,Chuang Games Entertainment,https://play.google.com/store/apps/details?hl=en&id=com.chuangg.lastisle.and&gl=PH,ranking_export,official_storefront_confirmed
PH,Supermarket Tycoon Empire,Celestial Roads,https://apps.apple.com/SG/app/id6752849675?l=en,ranking_export,official_storefront_confirmed
PH,Mecha Samkok,HONG KONG KEDO NETWORK TECHNOLOGY,https://play.google.com/store/apps/details?hl=en&id=com.mechkingdom.sea.ard&gl=PH,ranking_export,official_storefront_confirmed
PH,Flash Heroes: Three Kingdoms,HONG KONG MOREGAME NETWORK TECHNOLOGY,https://apps.apple.com/PH/app/id6767800920?l=tl,ranking_export,official_storefront_confirmed
ID,Gangstar Mirage City,Level Infinite,https://apps.apple.com/ph/app/gangstar-mirage-city-online/id6472700792,verified_override,official_storefront_confirmed
ID,Yulgang W,Efun,https://apps.apple.com/id/app/yulgang-w/id6756002784,ranking_export,official_storefront_confirmed
ID,OneState RP: Role Play Online,ChillBase,https://apps.apple.com/ID/app/id1597760047?l=id,ranking_export,official_storefront_confirmed
ID,Wobbly Life,Curve Digital Games,https://apps.apple.com/SG/app/id6764310415?l=en,ranking_export,official_storefront_confirmed
ID,Samkok Crazy:พระเจ้าตลก,OHMYGAME,https://apps.apple.com/TH/app/id6760751792?l=th,ranking_export,official_storefront_confirmed
ID,Destiny Hero: Epic RPG,PlayDrive Games,https://apps.apple.com/TH/app/id6763232410?l=th,ranking_export,official_storefront_confirmed
ID,Black Swordsman:Dual Blades,FunGameHub,https://play.google.com/store/apps/details?hl=en&id=com.fungamehub.mega.ramp.impossibe.car.track&gl=US,ranking_export,official_storefront_confirmed
ID,FANTASY LIFE i: The Girl Who Steals Time,Level-5,https://play.google.com/store/apps/details?id=jp.co.level5.fli,verified_override,official_storefront_confirmed
ID,Last Shelter: War Z,LAST ORIGIN STUDIO,https://play.google.com/store/apps/details?hl=en&id=com.more.lastshelter.gp&gl=US,ranking_export,official_storefront_confirmed
ID,Pop Epoch: Civilization Tycoon,Nexwave Tech,https://apps.apple.com/us/app/pop-epoch-civilization-tycoon/id6754275296,ranking_export,official_storefront_confirmed
ID,LUXY Domino Gaple QiuQiu Poker,Gamesofa,https://play.google.com/store/apps/details?hl=id&id=com.gamesofa.android.luxydominoqiuqiu&gl=ID,ranking_export,official_storefront_confirmed
ID,Last Isle: Survival,Chuang Games Entertainment,https://play.google.com/store/apps/details?hl=en&id=com.chuangg.lastisle.and&gl=PH,ranking_export,official_storefront_confirmed
ID,Supermarket Tycoon Empire,Celestial Roads,https://apps.apple.com/SG/app/id6752849675?l=en,ranking_export,official_storefront_confirmed
ID,Mecha Samkok,HONG KONG KEDO NETWORK TECHNOLOGY,https://play.google.com/store/apps/details?hl=en&id=com.mechkingdom.sea.ard&gl=PH,ranking_export,official_storefront_confirmed
ID,Flash Heroes: Three Kingdoms,HONG KONG MOREGAME NETWORK TECHNOLOGY,https://apps.apple.com/PH/app/id6767800920?l=tl,ranking_export,official_storefront_confirmed
TH,Gangstar Mirage City,Level Infinite,https://apps.apple.com/ph/app/gangstar-mirage-city-online/id6472700792,verified_override,official_storefront_confirmed
TH,Yulgang W,Efun,https://apps.apple.com/id/app/yulgang-w/id6756002784,ranking_export,official_storefront_confirmed
TH,RAN - Royal Academy Nations,Murphy John Ong,https://play.google.com/store/apps/details?id=com.ran.projectr,ranking_export,official_storefront_confirmed
TH,OneState RP: Role Play Online,ChillBase,https://apps.apple.com/ID/app/id1597760047?l=id,ranking_export,official_storefront_confirmed
TH,Samkok Crazy:พระเจ้าตลก,OHMYGAME,https://apps.apple.com/TH/app/id6760751792?l=th,ranking_export,official_storefront_confirmed
TH,Destiny Hero: Epic RPG,PlayDrive Games,https://apps.apple.com/TH/app/id6763232410?l=th,ranking_export,official_storefront_confirmed
TH,Black Swordsman:Dual Blades,FunGameHub,https://play.google.com/store/apps/details?hl=en&id=com.fungamehub.mega.ramp.impossibe.car.track&gl=US,ranking_export,official_storefront_confirmed
TH,FANTASY LIFE i: The Girl Who Steals Time,Level-5,https://play.google.com/store/apps/details?id=jp.co.level5.fli,verified_override,official_storefront_confirmed
TH,Last Shelter: War Z,LAST ORIGIN STUDIO,https://play.google.com/store/apps/details?hl=en&id=com.more.lastshelter.gp&gl=US,ranking_export,official_storefront_confirmed
TH,Dust Reborn: สู่เส้นทางเซียน,Eyou Games,https://apps.apple.com/TH/app/id6761809827?l=th,ranking_export,official_storefront_confirmed
TH,Last Isle: Survival,Chuang Games Entertainment,https://play.google.com/store/apps/details?hl=en&id=com.chuangg.lastisle.and&gl=PH,ranking_export,official_storefront_confirmed
TH,Mecha Samkok,HONG KONG KEDO NETWORK TECHNOLOGY,https://play.google.com/store/apps/details?hl=en&id=com.mechkingdom.sea.ard&gl=PH,ranking_export,official_storefront_confirmed
TH,Fierce Battle Girls: 3650 Consecutive Gacha Pulls,NEORIGIN,https://apps.apple.com/jp/app/%E7%86%B1%E6%88%A6%E5%B0%91%E5%A5%B3/id6476643375,verified_override,official_storefront_confirmed
TH,Wild Water World,IYAGAMES,https://apps.apple.com/SG/app/id6780387121?l=en,ranking_export,official_storefront_confirmed
TH,LINE Brown Farm,LINE,https://play.google.com/store/apps/details?id=com.linecorp.LGFARM,verified_override,official_storefront_confirmed
TH,Cross Gate : Mobile,EXP UP,https://play.google.com/store/apps/details?id=com.expup.crossgatemaos,verified_override,official_storefront_confirmed
TH,KOF: Legend,JOY YOU,https://play.google.com/store/apps/details?id=com.huanle.kof.sea.cbt,verified_override,official_storefront_confirmed
VN,Đội Tướng Nhí Nhố,Kan Online Game,https://apps.apple.com/VN/app/id6769701683?l=vi,ranking_export,official_storefront_confirmed
VN,Tam Quốc: Tranh Bá Thiên Hạ,Moc Games,https://apps.apple.com/VN/app/id6761252325?l=vi,ranking_export,official_storefront_confirmed
VN,ICA,ZingPlay,https://apps.apple.com/VN/app/id1568659894?l=vi,ranking_export,official_storefront_confirmed
VN,Black Swordsman:Dual Blades,FunGameHub,https://play.google.com/store/apps/details?hl=en&id=com.fungamehub.mega.ramp.impossibe.car.track&gl=US,ranking_export,official_storefront_confirmed
VN,Thợ Săn Cá,International Games System,https://play.google.com/store/apps/details?hl=vi&id=com.igs.hoyeah&gl=VN,ranking_export,official_storefront_confirmed
VN,Girls' Frontline 2: Lưu Đày,THS Game,https://apps.apple.com/VN/app/id6761036123?l=vi,ranking_export,official_storefront_confirmed
VN,Pixel Defenders: Merge TD Game,ONDI Technology,https://play.google.com/store/apps/details?hl=vi&id=com.ondi.fortias.defense&gl=VN,ranking_export,official_storefront_confirmed
VN,Soul Strike: Idle RPG,Funtap Games,https://apps.apple.com/VN/app/id6766190033?l=vi,ranking_export,official_storefront_confirmed
VN,Manipulating the Three Kingdoms - Vplay,Vietnam Interactive Television,https://apps.apple.com/VN/app/id6749439040?l=vi,ranking_export,official_storefront_confirmed
VN,Kiếm Khách Truyền Kỳ,VIET LONG GAME PLAY JOINT STOCK COMPANY,https://apps.apple.com/vn/app/ki%E1%BA%BFm-kh%C3%A1ch-truy%E1%BB%81n-k%E1%BB%B3-mobile/id6782804680,verified_override,official_storefront_confirmed
VN,Titan Rush,Funtap Games,https://play.google.com/store/apps/details?hl=en&id=com.ratinghope.gplay&gl=US,ranking_export,official_storefront_confirmed
